post_id,thumbnail_url
788457895591809024,https://47584866383068222p.lotuscdn.vn/thumb_w/600/214658615857725440/2020/12/15/base64-1608027703170857586291.png
788708183963734016,https://web.lotuscdn.vn/thumb_w/600/2020/12/16/bvcnig9aru3kqahfuk10_lotus.jpeg
788720911974113280,https://web.lotuscdn.vn/thumb_w/600/2020/12/16/bvcoa5haru3kqahfumm0_lotus.jpeg
786553203739725824,https://web.lotuscdn.vn/thumb_w/600/2020/12/10/bv8q42r2a2a24i8it6og_1-01.jpg
788783071239999488,https://web.lotuscdn.vn/thumb_w/600/2020/12/16/bvcrtvharu3kqahfut0g_lotus.png
788737008040902656,https://web.lotuscdn.vn/thumb_w/600/2020/12/16/bvcp869aru3kqahfuolg_lotus.jpeg
788726852628480000,https://53919964888706863p.lotuscdn.vn/thumb_w/600/240000520214700032/2020/12/16/base64-1608094767443575438129.png
788263729719115776,https://videothumbs.lotuscdn.vn/article_avatar/zoom-w600-h315/kingnetwork/101685784788078592/2020/12/15/1016857847880785922020125hacker-tan-cong-vao-chuoi-cung-ung-vac-xin-covid-19-16071051599211583455456-1607981888546959295898.jpg?banner=play_icon.png&position=center&resize_banner=false
788768809253830656,https://web.lotuscdn.vn/thumb_w/600/2020/12/16/bvcr3b1aru3kqahfuqlg_lotus.jpeg
788765449794490368,https://web.lotuscdn.vn/thumb_w/600/2020/12/16/bvcqsr1aru3kqahfuqdg_lotus.jpeg
788778687718989824,https://web.lotuscdn.vn/thumb_w/600/2020/12/16/bvcrlq1aru3kqahfus5g_lotus.jpeg
788776845668753408,https://web.lotuscdn.vn/thumb_w/600/2020/12/16/bvcridharu3kqahfus1g_lotus.jpeg
788776083640778752,https://vtv1.mediacdn.vn/fb_thumb_bn/2020/10/6/xet-nghiem-covid-hai-phong-16019971805581747329151-crop-1602072302936910421029.jpg?banner=web_images/barfbyte2.png
788274572338888704,https://videothumbs.lotuscdn.vn/article_avatar/zoom-w600-h315/kingnetwork/101685784788078592/2020/12/15/1016857847880785922020121phuong-tien-tiet-kiem-nang-luong-nhat-the-gioi-16068083417951817498881-16079844741711556176709.jpg?banner=play_icon.png&position=center&resize_banner=false
788741852004843520,https://kingnetwork.lotuscdn.vn/thumb_w/600/101685784788078592/2020/12/16/13152564529781541924308445397950410437263383o-1608095905169966125657.jpg
788273562335711232,https://videothumbs.lotuscdn.vn/article_avatar/zoom-w600-h315/47861871122717101p/215766777685467136/2020/12/15/10168578478807859220201129uong-nuoc-buoi-sang-cuc-nguy-hiem-neu-pham-phai-nhung-cam-ky-nay-16066659845339498544-1607984220022690758513.jpg?banner=play_icon.png&position=center&resize_banner=false
788439718619750400,https://34626315308886243p.lotuscdn.vn/thumb_w/600/162825378014957568/2020/12/15/untitled-2-16080238151271019727795.png
786072609461243904,https://26021729324019178c.lotuscdn.vn/thumb_w/600/128407582233595904/2020/12/9/image-1607459505342129481725.png
788678752540954624,https://web.lotuscdn.vn/thumb_w/600/2020/12/16/bvclrmparu3kqahfuen0_lotus.jpeg
788748357905027072,https://web.lotuscdn.vn/thumb_w/600/2020/12/16/bvcpt4haru3kqahfuphg_lotus.jpeg
788519978029252608,https://cdn.tuoitre.vn/zoom/600_315/2020/12/15/12-16080228720961809588192-crop-16080228864152079700786.jpg
788772285071990784,https://web.lotuscdn.vn/thumb_w/600/2020/12/16/bvcr9t9aru3kqahfur70_lotus.jpeg
788654806647676928,https://web.lotuscdn.vn/thumb_w/600/2020/12/16/bvckf2haru3kqahfud8g_lotus.jpeg
788465463192158208,https://web.lotuscdn.vn/thumb_w/600/2020/12/15/bvc9df1aru3kqahfu6hg_lotus.jpeg
788674754693959680,https://web.lotuscdn.vn/thumb_w/600/2020/12/16/bvclk41aru3kqahfueh0_lotus.jpeg
788468668620316672,https://web.lotuscdn.vn/thumb_w/600/2020/12/15/bvc9k91aru3kqahfu6q0_lotus.jpeg
788658252846600192,https://web.lotuscdn.vn/thumb_w/600/2020/12/16/bvcklbparu3kqahfudg0_lotus.jpeg
788664270226432000,https://web.lotuscdn.vn/thumb_w/600/2020/12/16/bvcl0hparu3kqahfudqg_lotus.jpeg
788536107321753600,https://30722518306063636p.lotuscdn.vn/thumb_w/600/147210403519139840/2020/12/15/lachan-1-16080468318371963957461.png
788660636683472896,https://web.lotuscdn.vn/thumb_w/600/2020/12/16/bvckq09aru3kqahfudkg_lotus.jpeg
788667366641999872,https://web.lotuscdn.vn/thumb_w/600/2020/12/16/bvcl6e9aru3kqahfue2g_lotus.jpeg
788668891107299328,https://web.lotuscdn.vn/thumb_w/600/2020/12/16/bvcl9a1aru3kqahfue70_lotus.jpeg
788452263639781376,https://web.lotuscdn.vn/thumb_w/600/2020/12/15/bvc8lmharu3kqahfu4sg_lotus.png
788659628481843200,https://web.lotuscdn.vn/thumb_w/600/2020/12/16/bvcko39aru3kqahfudk0_lotus.jpeg
788380570707529728,https://videothumbs.lotuscdn.vn/article_avatar/zoom-w600-h315/app/2020/12/15/video1608009772669.853.jpg?banner=play_icon.png&position=center&resize_banner=false
788152848413335552,https://videothumbs.lotuscdn.vn/article_avatar/zoom-w600-h315/kingnetwork/101685784788078592/2020/12/14/ma-da-2-16079551640291673566068.jpg?banner=play_icon.png&position=center&resize_banner=false
788467763111399424,https://12278739077595283.lotuscdn.vn/zoom/600_315/121198567535677440/2020/12/15/dong-do-2-16066941387961509120798-16080305624471633340457.jpg
788676921643999232,https://web.lotuscdn.vn/thumb_w/600/2020/12/16/bvclo11aru3kqahfuel0_lotus.jpeg
788118058359721984,https://16518519246413066.lotuscdn.vn/thumb_w/600/121198203927269376/2020/12/10/facebook-3-16075682107501594255515.jpg
788652026811351040,https://web.lotuscdn.vn/thumb_w/600/2020/12/16/bvck9uharu3kqahfud6g_lotus.jpeg
786067767003684864,https://19758289346081846.lotuscdn.vn/thumb_w/600/121197631035674624/2020/12/9/image-1607458351546720017295.png
788668376512335872,https://19676048176399218.lotuscdn.vn/zoom/600_315/121196963046625280/2020/12/16/w-p13-sach-giao-khoa-3qfxq-1608078383622733281169-1608078394626158345866.jpg
788481504408469504,https://web.lotuscdn.vn/zoom/600_315/2020/12/15/bvcac81aru3kqahfu7b0_lotus.jpeg
788358698098196480,https://web.lotuscdn.vn/thumb_w/600/2020/12/15/bvc37h1aru3kqahftob0_lotus.jpeg
787777785276534784,https://kingnetwork.lotuscdn.vn/article_avatar/zoom-w600-h315/101685784788078592/2020/12/13/13008486417356240832677784408743818517630691o-16078660433961331588159.jpg?banner=play_icon.png&position=center&resize_banner=false
788536349022715904,https://web.lotuscdn.vn/thumb_w/600/2020/12/15/bvcdibharu3kqahfubi0_lotus.jpeg
788424524029460480,https://web.lotuscdn.vn/thumb_w/600/2020/12/15/bvc725paru3kqahfu0i0_lotus.jpeg
788161843941318656,https://18685160558830385.lotuscdn.vn/zoom/600_315/121198750600269824/2020/12/14/base64-16079574429701589884231.png
788667498024378368,https://web.lotuscdn.vn/thumb_w/600/2020/12/16/bvcl6i1aru3kqahfue30_lotus.jpeg
788439046958055424,https://web.lotuscdn.vn/2020/12/15/bvc7siharu3kqahfu2tg_lotus.png
788674253362012160,https://web.lotuscdn.vn/thumb_w/600/2020/12/16/bvclj99aru3kqahfuefg_lotus.jpeg
788509974295445504,https://web.lotuscdn.vn/thumb_w/600/2020/12/15/bvcc159aru3kqahfuabg_lotus.jpeg
788445972336967680,https://videothumbs.lotuscdn.vn/article_avatar/zoom-w600-h315/10539806838354262/121196243618631680/2020/12/15/nu-tiep-vien-hang-khong-chia-se-tai-nguyen-1608025352581139894100.jpg?banner=play_icon.png&position=center&resize_banner=false
788439706988945408,https://videothumbs.lotuscdn.vn/article_avatar/zoom-w600-h315/10539806838354262/121196243618631680/2020/12/15/bo-to-lam-bo-giat-b-1608005690113343409986-1608023857187440903372.jpg?banner=play_icon.png&position=center&resize_banner=false
788437977505439744,https://web.lotuscdn.vn/thumb_w/600/2020/12/15/bvc7r1paru3kqahfu2p0_lotus.jpeg
788501089742360576,https://web.lotuscdn.vn/thumb_w/600/2020/12/15/bvcbgo9aru3kqahfu97g_lotus.jpeg
788548234902114304,https://web.lotuscdn.vn/thumb_w/600/2020/12/15/bvce8i1aru3kqahfuc40_lotus.jpeg
788647345706475520,https://web.lotuscdn.vn/thumb_w/600/2020/12/16/bvck0r9aru3kqahfud5g_lotus.jpeg
788539844452814848,https://56804393454808708p.lotuscdn.vn/thumb_w/600/251538151016095744/2020/12/15/image-1608047739144795244374.png
788657062119440384,https://web.lotuscdn.vn/thumb_w/600/2020/12/16/bvckj7paru3kqahfudd0_lotus.jpeg
788511391825399808,https://videothumbs.lotuscdn.vn/article_avatar/zoom-w600-h315/18685160558830385/121198750600269824/2020/12/15/video-1038130864-online-video-cuttercom-1608040930171589474213.jpg?banner=play_icon.png&position=center&resize_banner=false
788311193000050688,https://web.lotuscdn.vn/thumb_w/600/2020/12/15/bvc0f2paru3kqahfthc0_lotus.jpeg
788544275291021312,https://web.lotuscdn.vn/thumb_w/600/2020/12/15/bvce16haru3kqahfubrg_lotus.jpeg
788701173841100800,https://web.lotuscdn.vn/thumb_w/600/2020/12/16/bvcn5f1aru3kqahfuilg_lotus.jpeg
788723763351617536,https://web.lotuscdn.vn/thumb_w/600/2020/12/16/bvcofgparu3kqahfun3g_lotus.png
788654894110871552,https://web.lotuscdn.vn/thumb_w/600/2020/12/16/bvckf99aru3kqahfuda0_lotus.jpeg
788352703028494336,https://33172587199428978p.lotuscdn.vn/thumb_w/300/157010566961958912/2020/2/28/base64-15828826791401199348323.png
788556033325404160,https://web.lotuscdn.vn/thumb_w/600/2020/12/15/bvcen09aru3kqahfucl0_lotus.jpeg
788713050356809728,https://31803643451767892p.lotuscdn.vn/thumb_w/600/151534834706026496/2020/12/16/base64-16080882412741409692354.png
788385180772077568,https://web.lotuscdn.vn/thumb_w/600/2020/12/15/bvc4or9aru3kqahfts30_lotus.jpeg
788720655203016704,https://34626315308886243p.lotuscdn.vn/thumb_w/600/162825378014957568/2020/12/16/byt-16080907414562016246423.png
788689523396186112,https://web.lotuscdn.vn/thumb_w/600/2020/12/16/bvcmfoparu3kqahfugdg_lotus.jpeg
788723825224425472,https://web.lotuscdn.vn/thumb_w/600/2020/12/16/bvcoflparu3kqahfun40_lotus.jpeg
788724539773816832,https://web.lotuscdn.vn/thumb_w/600/2020/12/16/bvcogv9aru3kqahfun90_lotus.jpeg
786773937158230016,https://web.lotuscdn.vn/thumb_w/600/2020/12/11/bv96viharu3kqahfqpp0_lotus.jpeg
788732960262721536,https://web.lotuscdn.vn/thumb_w/600/2020/12/16/bvcp0l9aru3kqahfuo40_lotus.jpeg
788356550063529984,https://47861871122717101p.lotuscdn.vn/thumb_w/600/215766777685467136/2020/12/15/moi-ngon-16080040278191630017242.jpg
788739424692445184,https://web.lotuscdn.vn/thumb_w/600/2020/12/16/bvcpcm9aru3kqahfuotg_lotus.jpeg
788720180203847680,https://web.lotuscdn.vn/thumb_w/600/2020/12/16/bvco8s1aru3kqahfumh0_lotus.jpeg
788727435408052224,https://web.lotuscdn.vn/thumb_w/600/2020/12/16/bvcomc9aru3kqahfuncg_lotus.jpeg
786062002675228672,https://21317349691116682.lotuscdn.vn/thumb_w/600/121196151914369024/2020/12/9/image-1607456976315813536646.png
788738076709621760,https://web.lotuscdn.vn/thumb_w/600/2020/12/16/bvcpa61aru3kqahfuomg_lotus.jpeg
788466976780689408,https://34626315308886243p.lotuscdn.vn/thumb_w/600/162825378014957568/2020/12/15/131270142101580551664537892308277336596282083o-160803028327592866036.jpg
788546680523038720,https://web.lotuscdn.vn/thumb_w/600/2020/12/15/bvce5gharu3kqahfuc20_lotus.jpeg
788362073710239744,https://10538870372954177.lotuscdn.vn/thumb_w/600/121197877501366272/2020/12/15/gray-beach-background-motivational-quote-16080053477181526293307.png
787285281576026112,https://videothumbs.lotuscdn.vn/article_avatar/zoom-w600-h315/kingnetwork/101685784788078592/2020/12/12/than-dong-1607748549454856210274.jpg?banner=play_icon.png&position=center&resize_banner=false
788546319993249792,https://43130003587810148p.lotuscdn.vn/thumb_w/600/197903890567217152/2020/12/15/base64-160804917599854255826.png
788717700366180352,https://web.lotuscdn.vn/thumb_w/600/2020/12/16/bvco40paru3kqahfum00_lotus.jpeg
788716602103828480,https://giadinh.mediacdn.vn/zoom/600_315/2020/12/16/1312499561791279272517827516122798890216013n-16080885256091410620350-1608088580897923663504.png
788432175231115264,https://videothumbs.lotuscdn.vn/article_avatar/zoom-w600-h315/15242236596144197/121169243931676672/2020/2/27/idioms-cuc-hay-ve-bo-phan-tren-co-the-15748256563121207313094-15827880733951770821185.jpg?banner=play_icon.png&position=center&resize_banner=false
788420308066074624,https://43764990965843903c.lotuscdn.vn/thumb_w/600/199388278842605568/2020/9/23/71-1600835761627110774973.jpg
788339319004430336,https://kingnetwork.lotuscdn.vn/article_avatar/zoom-w600-h315/101685784788078592/2020/12/15/thum-1607999932166467178685.jpg?banner=play_icon.png&position=center&resize_banner=false
788646998711078912,https://web.lotuscdn.vn/thumb_w/600/2020/12/16/bvck0gparu3kqahfud50_lotus.jpeg
788540376772907008,https://48941349664075183p.lotuscdn.vn/thumb_w/600/220086060715757568/2020/12/15/13105565212891613247637239187166701576156988n-1608047872849640508127.png
788368029135380480,https://web.lotuscdn.vn/thumb_w/600/2020/12/15/bvc3oj1aru3kqahftpr0_lotus.jpeg
788716318208794624,https://web.lotuscdn.vn/thumb_w/600/2020/12/16/bvco1iharu3kqahfuln0_lotus.jpeg
788707748096483328,https://web.lotuscdn.vn/thumb_w/600/2020/12/16/bvcnhmparu3kqahfujvg_lotus.png
788680297165332480,https://web.lotuscdn.vn/thumb_w/600/2020/12/16/bvcluh9aru3kqahfueu0_lotus.jpeg
788316359912816640,https://web.lotuscdn.vn/thumb_w/600/2020/12/15/bvc0omharu3kqahftht0_lotus.jpeg
708242275447832576,https://kingcontent.lotuscdn.vn/thumb_w/300/2019/11/13/trong-on-lotus-trong-1-15736561936401712303465-crop-15736563247201944061245.png
788703288458182656,https://web.lotuscdn.vn/thumb_w/600/2020/12/16/bvcn9bparu3kqahfuj00_lotus.jpeg
788723125982990336,https://web.lotuscdn.vn/thumb_w/600/2020/12/16/bvcoe8haru3kqahfun1g_lotus.jpeg
788046993839230976,https://web.lotuscdn.vn/thumb_w/600/2020/12/14/bvbh301aru3kqahfsvi0_lotus.jpeg
788703256936423424,https://web.lotuscdn.vn/thumb_w/600/2020/12/16/bvcn9c1aru3kqahfuj0g_lotus.jpeg
788720711366311936,https://18057994640362549.lotuscdn.vn/thumb_w/600/121168999936430080/2020/12/16/13121100035597556874349262396954883528957404o-1608090860902691512642.jpg
788556076549898240,https://web.lotuscdn.vn/thumb_w/600/2020/12/16/bvcen71aru3kqahfuclg_lotus.jpeg
788694762669084672,https://web.lotuscdn.vn/thumb_w/600/2020/12/16/bvcmpf9aru3kqahfuhf0_lotus.jpeg
788546818489847808,https://15518739539764109.lotuscdn.vn/zoom/600_315/121196251403259904/2020/12/15/base64-16080494016631941170531.png
788692786478809088,https://web.lotuscdn.vn/thumb_w/600/2020/12/16/bvcmlk1aru3kqahfugv0_lotus.jpeg
788427284295163904,https://web.lotuscdn.vn/thumb_w/600/2020/12/15/bvc777paru3kqahfu1e0_lotus.jpeg
788171029806817280,https://18685160558830385.lotuscdn.vn/thumb_w/600/121198750600269824/2020/12/14/171229142139-16079597427671047938754.png
788709644185505792,https://web.lotuscdn.vn/thumb_w/600/2020/12/16/bvcnl8paru3kqahfuk70_lotus.jpeg
788352549208592384,https://web.lotuscdn.vn/thumb_w/600/2020/12/15/bvc2s29aru3kqahftmtg_lotus.png
788387969908740096,https://web.lotuscdn.vn/thumb_w/600/2020/12/15/bvc4u31aru3kqahftsq0_lotus.jpeg
788152407591985152,https://web.lotuscdn.vn/thumb_w/600/2020/12/14/bvbn51haru3kqahftbo0_lotus.jpeg
788543321199980544,https://app.lotuscdn.vn/thumb_w/600/2020/12/15/bvcdvg2et7gln210ipr0_image1608048573057.399.jpeg
788539359805808640,https://13583876462202406.lotuscdn.vn/article_avatar/zoom-w600-h315/121169233194258432/2020/12/16/tran-thanh-ngoc-thanh-tam-1608030302041504541558ptry-16080858290431937047164.jpg?banner=play_icon.png&position=center&resize_banner=false
788686361596239872,https://web.lotuscdn.vn/thumb_w/600/2020/12/16/bvcm9l9aru3kqahfufu0_lotus.jpeg
788690002175987712,https://web.lotuscdn.vn/thumb_w/600/2020/12/16/bvcmgkparu3kqahfugg0_lotus.jpeg
788677540958150656,https://web.lotuscdn.vn/thumb_w/600/2020/12/16/bvclpd1aru3kqahfuelg_lotus.jpeg
786957432277139456,https://web.lotuscdn.vn/thumb_w/600/2020/12/11/bv9hld1aru3kqahfr500_lotus.jpeg
788689424599982080,https://web.lotuscdn.vn/thumb_w/600/2020/12/16/bvcmfj1aru3kqahfugd0_lotus.jpeg
788704511974408192,https://13583876462202406.lotuscdn.vn/article_avatar/zoom-w600-h315/121169233194258432/2020/12/16/youtube-cover-gms-layout-16080465003811066482399xqku-1608085828866510333127.png?banner=play_icon.png&position=center&resize_banner=false
788658024592576512,https://web.lotuscdn.vn/thumb_w/600/2020/12/16/bvckl21aru3kqahfudfg_lotus.jpeg
788669778324230144,https://web.lotuscdn.vn/thumb_w/600/2020/12/16/bvclanharu3kqahfue90_lotus.jpeg
786080778868719616,https://17245438687368690.lotuscdn.vn/thumb_w/600/121197646789480448/2020/12/9/image-16074614464392123510591.png
788680754121543680,https://web.lotuscdn.vn/thumb_w/600/2020/12/16/bvclv59aru3kqahfuf0g_lotus.jpeg
788738416646004736,https://web.lotuscdn.vn/thumb_w/600/2020/12/16/bvcpao1aru3kqahfuop0_lotus.jpeg
787224886915600384,https://app.lotuscdn.vn/thumb_w/600/2020/12/12/bva17n2et7gln6ur8c00_image1607734236228.7842.jpeg
788349983924125696,https://web.lotuscdn.vn/thumb_w/600/2020/12/15/bvc2l41aru3kqahftmg0_lotus.gif
788479189953773568,https://16518326032106057.lotuscdn.vn/thumb_w/600/121196531675041792/2020/12/15/dm3-16080332608781504626836.jpg
788684766667571200,https://web.lotuscdn.vn/thumb_w/600/2020/12/16/bvcm6rharu3kqahfufig_lotus.jpeg
788708268160192512,https://web.lotuscdn.vn/thumb_w/600/2020/12/16/bvcnigharu3kqahfuk1g_lotus.png
788731150450532352,https://web.lotuscdn.vn/thumb_w/600/2020/12/16/bvcot7haru3kqahfunt0_lotus.jpeg
786078869099880448,https://18241215879022614.lotuscdn.vn/thumb_w/600/121197644230955008/2020/12/9/image-1607460996354678497142.png
788764499067408384,https://16518424503878488.lotuscdn.vn/thumb_w/600/121198211414102016/2020/12/16/a-16081013001092016860932.jpg
747057894911512576,https://videothumbs.lotuscdn.vn/article_avatar/zoom-w600-h315/15858340481543264/121196908541644800/2020/8/23/hung-vlog-lay-5-trieu-cua-me-mua-het-quan-sau-rieng-khuong-dua-va-cai-ket-15981575560151016115566.jpg?banner=play_icon.png&position=center&resize_banner=false
788751354047995904,https://web.lotuscdn.vn/thumb_w/600/2020/12/16/bvcq2nharu3kqahfupn0_lotus.jpeg
788760778439368704,https://web.lotuscdn.vn/thumb_w/600/2020/12/16/bvcqkf1aru3kqahfuq5g_lotus.jpeg
788759967692988416,https://web.lotuscdn.vn/thumb_w/600/2020/12/16/bvcqiuparu3kqahfuq30_lotus.jpeg
788766439662817280,https://web.lotuscdn.vn/thumb_w/600/2020/12/16/bvcquuparu3kqahfuqfg_lotus.jpeg
788762490228670464,https://47203182530402878p.lotuscdn.vn/thumb_w/600/213131957951418368/2020/12/16/79d9fb36-f6df-4ade-9eda-a57b1811bcd4-16081008294962143013449.jpeg
788790032740884480,https://web.lotuscdn.vn/thumb_w/600/2020/12/16/bvcsavparu3kqahfuulg_lotus.png
788794046722740224,https://web.lotuscdn.vn/thumb_w/600/2020/12/16/bvcsieparu3kqahfuvbg_lotus.png
788344365939130368,https://kingcontent.lotuscdn.vn/thumb_w/300/2019/6/24/gamek-15613448616871854917976.png
788805459194908672,https://app.lotuscdn.vn/thumb_w/300/2020/11/7/buj3f02et7gggkp12du0_image1604728703709.6812.jpeg
788794199441543168,https://web.lotuscdn.vn/thumb_w/600/2020/12/16/bvcsilparu3kqahfuvc0_lotus.jpeg
788786036013768704,https://12278739077595283.lotuscdn.vn/zoom/600_315/121198567535677440/2020/12/16/base64-1608106441433568845567.png
786078400226398208,https://19141667838091347.lotuscdn.vn/thumb_w/600/121196744653410304/2020/12/9/image-16074608856411362863986.png
788655266146263040,https://web.lotuscdn.vn/thumb_w/600/2020/12/16/bvckfsparu3kqahfudag_lotus.jpeg
788685884817121280,https://web.lotuscdn.vn/thumb_w/600/2020/12/16/bvcm8v1aru3kqahfufs0_lotus.jpeg
788776033405599744,https://34626315308886243p.lotuscdn.vn/thumb_w/600/162825378014957568/2020/12/16/artboard-11-160810377964621029115.png
788704494537121792,https://web.lotuscdn.vn/thumb_w/600/2020/12/16/bvcnbj1aru3kqahfujgg_lotus.jpeg
788696165399531520,https://10541184629469490.lotuscdn.vn/thumb_w/600/121196967572279296/2020/12/16/trinh-tai-1608050627927788647962-16080849944411523309645.jpg
788748418625966080,https://web.lotuscdn.vn/thumb_w/600/2020/12/16/bvcptf9aru3kqahfupi0_lotus.jpeg
788729496225423360,https://web.lotuscdn.vn/thumb_w/600/2020/12/16/bvcopu9aru3kqahfuni0_lotus.jpeg
788686139814027264,https://web.lotuscdn.vn/thumb_w/600/2020/12/16/bvcm9d1aru3kqahfuftg_lotus.jpeg
788121746140790784,https://19676048176399218.lotuscdn.vn/zoom/600_315/121196963046625280/2020/12/14/dinh-la-thanggfkle-1607948030951498723526-16079480638721698479948.jpeg
788123856618094592,https://web.lotuscdn.vn/thumb_w/600/2020/12/14/bvbli29aru3kqahft870_lotus.jpeg
788391733970051072,https://web.lotuscdn.vn/thumb_w/600/2020/12/15/bvc5531aru3kqahfttqg_lotus.jpeg
788703140133445632,https://web.lotuscdn.vn/thumb_w/600/2020/12/16/bvcn919aru3kqahfuitg_lotus.jpeg
788783289972953088,https://web.lotuscdn.vn/thumb_w/600/2020/12/16/bvcrubparu3kqahfut3g_lotus.jpeg
788801658606551040,https://30722518306063636p.lotuscdn.vn/thumb_w/600/147210403519139840/2020/12/16/lachan--160811010606977474693.png
788738520832516096,https://web.lotuscdn.vn/thumb_w/600/2020/12/16/bvcpav1aru3kqahfuopg_lotus.jpeg
786045301007032320,https://21317279972347289.lotuscdn.vn/thumb_w/600/121196149796245504/2020/12/9/image-16074529953131749431080.png
788119776571129856,https://18685106323583039.lotuscdn.vn/thumb_w/600/121196184810295296/2020/12/2/facebook-20-1606898125717121041494.jpg
788754334110941184,https://web.lotuscdn.vn/thumb_w/600/2020/12/16/bvcq8d1aru3kqahfuppg_lotus.jpeg
788729662516994048,https://web.lotuscdn.vn/thumb_w/600/2020/12/16/bvcoqg1aru3kqahfunlg_lotus.jpeg
788775328835833856,https://web.lotuscdn.vn/thumb_w/600/2020/12/16/bvcrfj9aru3kqahfurrg_lotus.jpeg
788141766344941568,https://10541184629469490.lotuscdn.vn/thumb_w/600/121196967572279296/2020/12/14/luon-ben-canh-nhau-16079528186571170992146.png
788795203709415424,https://app.lotuscdn.vn/thumb_w/300/2019/9/19/bm1p5c32a2acdbc8f9ng_uploadfile_1568903856569.jpeg
781836963181465600,https://videothumbs.lotuscdn.vn/article_avatar/zoom-w600-h315/app/2020/11/27/video1606449653946.706.jpg?banner=play_icon.png&position=center&resize_banner=false
788735650359910400,https://web.lotuscdn.vn/thumb_w/600/2020/12/16/bvcp5mharu3kqahfuok0_lotus.jpeg
788391498520166400,https://18589183347904501.lotuscdn.vn/thumb_w/600/121197771217702912/2020/12/15/artboard-2-16080123648582125453598.jpg
788704452887683072,https://web.lotuscdn.vn/thumb_w/600/2020/12/16/bvcnbhharu3kqahfujg0_lotus.jpeg
788695714996387840,https://web.lotuscdn.vn/thumb_w/600/2020/12/16/bvcmr71aru3kqahfuhmg_lotus.jpeg
788782654970101760,https://web.lotuscdn.vn/thumb_w/600/2020/12/16/bvcrt79aru3kqahfustg_lotus.jpeg
788438292012695552,https://videothumbs.lotuscdn.vn/article_avatar/zoom-w600-h315/15858340481543264/121196908541644800/2020/12/15/y2matecom-hung-vlog-lam-ao-thuat-bien-noi-lau-tu-soi-khong-dung-lua-troll-me-va-cai-ket--prank-mom360p-16080231224481307427427.jpg?banner=play_icon.png&position=center&resize_banner=false
788388324658778112,https://web.lotuscdn.vn/thumb_w/600/2020/12/15/bvc4umparu3kqahftst0_lotus.jpeg
786070900119412736,https://20953662916666189.lotuscdn.vn/thumb_w/600/121168944840052736/2020/12/9/image-16074590996951876850778.png
788273151451299840,https://videothumbs.lotuscdn.vn/article_avatar/zoom-w600-h315/47861871122717101p/215766777685467136/2020/12/15/10168578478807859220201127can-than-nhung-tai-nan-phong-the-khien-ban-phai-nhap-vien-trong-tu-the-nhay-cam-16064831500471834465398-16079840693881809857486.jpg?banner=play_icon.png&position=center&resize_banner=false
788720054313816064,https://web.lotuscdn.vn/thumb_w/600/2020/12/16/bvco8jparu3kqahfumfg_lotus.jpeg
788734432813223936,https://app.lotuscdn.vn/thumb_w/600/2020/12/16/bvcp3fiet7gln9aisc5g_image1608094141278.0718.jpeg
787968723417014272,https://web.lotuscdn.vn/thumb_w/600/2020/12/14/bvbch1paru3kqahfsmg0_lotus.jpeg
788764560751034368,https://web.lotuscdn.vn/thumb_w/600/2020/12/16/bvcqrg9aru3kqahfuqcg_lotus.jpeg
788722281541763072,https://15242273716783535.lotuscdn.vn/thumb_w/600/121196072788824064/2020/12/16/facebook-9-1608091231719493891456.jpg
787976828726509568,https://gamek.mediacdn.vn/thumb_w/600/133514250583805952/2020/12/12/page-16077783919801240818497.jpg
788512223950774272,https://web.lotuscdn.vn/thumb_w/600/2020/12/15/bvcc5dparu3kqahfuajg_lotus.jpeg
749569473779470336,https://cdn1.tuoitre.vn/zoom/600_315/2020/8/30/1183155783164373027607131193668707080976067n-1598352115299659803680-15987268945471166520429-crop-1598726911409585079887.jpg
788509451494858752,https://cdn.bongdaplus.vn/Assets/Media/2020/12/15/77/ronaldo-vs-perrin.jpg
788764650566295552,https://kingnetwork.lotuscdn.vn/thumb_w/600/101685784788078592/2020/12/16/1898-16081013425631572640266.png
788780913947545600,https://web.lotuscdn.vn/thumb_w/600/2020/12/16/bvcrq11aru3kqahfusi0_lotus.jpeg
752822870146158592,https://videothumbs.lotuscdn.vn/article_avatar/zoom-w600-h315/15243912913159117/121198609537437696/2020/8/3/hm-channel--xam-len-mat-va-khong-tay-duoc--tattooed-on-face-159644640831120869545.jpg?banner=play_icon.png&position=center&resize_banner=false
788439290137415680,https://web.lotuscdn.vn/thumb_w/600/2020/12/15/bvc7t6paru3kqahfu310_lotus.jpeg
788438061940973568,https://web.lotuscdn.vn/thumb_w/600/2020/12/15/bvc7rd9aru3kqahfu2qg_lotus.jpeg
768188230785437696,https://web.lotuscdn.vn/thumb_w/600/2020/10/20/bu7d4r9aru3m2l51p9rg_lotus.jpeg
788715909552934912,https://web.lotuscdn.vn/thumb_w/600/2020/12/16/bvco0u1aru3kqahfulj0_lotus.jpeg
787929572503588864,https://web.lotuscdn.vn/thumb_w/600/2020/12/14/bvba7e1aru3kqahfsji0_lotus.png
788492716017942528,https://12278739077595283.lotuscdn.vn/zoom/600_315/121198567535677440/2020/12/15/dsc-6576-1481556031750-16080365061361124527124-1608036511156711412860.jpg
788733398798176256,https://web.lotuscdn.vn/thumb_w/600/2020/12/16/bvcp1fparu3kqahfuo6g_lotus.jpeg
788729095274500096,https://web.lotuscdn.vn/thumb_w/600/2020/12/16/bvcopd9aru3kqahfungg_lotus.jpeg
788357395846496256,https://videothumbs.lotuscdn.vn/article_avatar/zoom-w600-h315/16336783091814735/121196862500769792/2020/11/4/meo-hoc-tieng-anh-vui-ve-de-dang-khong-ton-tien-16044688363061452501054.jpg?banner=play_icon.png&position=center&resize_banner=false
787982120795742208,https://videothumbs.lotuscdn.vn/article_avatar/zoom-w600-h315/kingnetwork/101685784788078592/2020/12/14/1016857847880785922020129viet-han-1607514092363209698839-160791475963710784994.jpg?banner=play_icon.png&position=center&resize_banner=false
788738279509041152,https://45480482142580320p.lotuscdn.vn/thumb_w/600/206241275030687744/2020/12/16/fbimg1608095040156-1608095054023552562078.jpg
788273360489025536,https://videothumbs.lotuscdn.vn/article_avatar/zoom-w600-h315/47861871122717101p/215766777685467136/2020/12/15/10168578478807859220201128bien-nuoc-ban-thanh-nuoc-sach-uong-duoc-ngay-meo-sinh-ton-ai-cung-phai-biet-1606559843512805666108-16079841765981980126710.jpg?banner=play_icon.png&position=center&resize_banner=false
788716556234919936,https://web.lotuscdn.vn/thumb_w/600/2020/12/16/bvco229aru3kqahfulo0_lotus.jpeg
788727493954338816,https://web.lotuscdn.vn/thumb_w/600/2020/12/16/bvcomfharu3kqahfund0_lotus.jpeg
788717354927497216,https://web.lotuscdn.vn/thumb_w/600/2020/12/16/bvco3h1aru3kqahfulu0_lotus.jpeg
788717726993186816,https://web.lotuscdn.vn/thumb_w/600/2020/12/16/bvco399aru3kqahfultg_lotus.jpeg
788699337964879872,https://web.lotuscdn.vn/thumb_w/600/2020/12/16/bvcn1vparu3kqahfuidg_lotus.png
788694907890663424,https://web.lotuscdn.vn/thumb_w/600/2020/12/16/bvcmpo9aru3kqahfuhg0_lotus.jpeg
788718045679034368,https://nld.mediacdn.vn/zoom/600_315/2020/12/16/ac8j0710-16080850165711689132084.jpg
788409051996979200,https://videothumbs.lotuscdn.vn/article_avatar/zoom-w600-h315/kingnetwork/101685784788078592/2020/12/15/thi-dh-o-han-quoc-1608016377891239115081.jpg?banner=play_icon.png&position=center&resize_banner=false
788703761469251584,https://web.lotuscdn.vn/thumb_w/600/2020/12/16/bvcn9bparu3kqahfuj00_lotus.jpeg
788685800693010432,https://app.lotuscdn.vn/thumb_w/600/2020/12/16/bvcm8sqet7gln9aisbug_image1608082547021.835.jpeg
788128632334323712,https://43764990965843903c.lotuscdn.vn/thumb_w/600/199388278842605568/2020/12/14/base64-16079496236081228160892.png
788370530706366464,https://web.lotuscdn.vn/thumb_w/600/2020/12/15/bvc3thharu3kqahftqe0_lotus.jpeg
788705397064826880,https://web.lotuscdn.vn/thumb_w/600/2020/12/16/bvcnda1aru3kqahfujl0_lotus.jpeg
788695102361571328,https://web.lotuscdn.vn/thumb_w/600/2020/12/16/bvcmq3haru3kqahfuhhg_lotus.jpeg
788304829367947264,https://app.lotuscdn.vn/thumb_w/600/2020/12/15/bvc03932a2a23lvhqpog_image1607991716206.0151.jpeg
788709913292677120,https://19676048176399218.lotuscdn.vn/article_avatar/zoom-w600-h315/121196963046625280/2020/12/16/nui-ba-den-16080882871412056299600.jpg?banner=play_icon.png&position=center&resize_banner=false
786045241795416064,https://21317279972347289.lotuscdn.vn/thumb_w/600/121196149796245504/2020/12/9/image-1607452982007431206581.png
788720341571305472,https://videothumbs.lotuscdn.vn/article_avatar/zoom-w600-h315/15242553439617686/121198617691164672/2020/11/5/di-tham-trang-trai-ca-chua-o-da-lat--nutrition--hana-giang-anh-1604576492087279643211.jpg?banner=play_icon.png&position=center&resize_banner=false
788692627925729280,https://web.lotuscdn.vn/thumb_w/600/2020/12/16/bvcmlhparu3kqahfugug_lotus.jpeg
786032224007585792,https://videothumbs.lotuscdn.vn/article_avatar/zoom-w600-h315/20669221492225093/121197610739437568/2020/12/9/video-1038130864-1-1607449876277888682877.jpg?banner=play_icon.png&position=center&resize_banner=false
788790313519550464,https://kingnetwork.lotuscdn.vn/thumb_w/600/101685784788078592/2020/12/16/1306049211341040585122911728288783819160058o-1608107457920618416933.jpg
788734944034922496,https://45480520155557081p.lotuscdn.vn/thumb_w/600/206242176616718336/2020/12/16/fbimg1608094241243-16080942536691426742679.jpg
788779447566864384,https://web.lotuscdn.vn/thumb_w/600/2020/12/16/bvcrn01aru3kqahfusa0_lotus.jpeg
788791133340401664,https://10541184629469490.lotuscdn.vn/thumb_w/600/121196967572279296/2020/12/16/khi-nguoi-ay-16081076349041282222867.png
788784737935400960,https://web.lotuscdn.vn/thumb_w/600/2020/12/16/bvcs111aru3kqahfuti0_lotus.jpeg
788773104671920128,https://web.lotuscdn.vn/thumb_w/600/2020/12/16/bvcrbcparu3kqahfurf0_lotus.jpeg
788681163066810368,https://web.lotuscdn.vn/thumb_w/600/2020/12/16/bvcm06haru3kqahfuf3g_lotus.png
787219124814839808,https://10540214620123705.lotuscdn.vn/zoom/600_315/121198682845483008/2020/12/12/fplfyi-kdb-fernandes-16076687375791403378595-26-0-513-930-crop-16076687535751399594036-1607732824731513531575-1607732862750567121006.jpg
788372188567937024,https://10541184629469490.lotuscdn.vn/thumb_w/600/121196967572279296/2020/12/15/photo-2-16079185785071913551031-1608007752891460706808.png
788664774738288640,https://web.lotuscdn.vn/thumb_w/600/2020/12/16/bvcl1i9aru3kqahfudtg_lotus.jpeg
788511912704057344,https://18685160558830385.lotuscdn.vn/thumb_w/600/121198750600269824/2020/12/15/13086726118682558533320168041358238859475551n-16080409912721778291886.jpg
788150310276280320,https://app.lotuscdn.vn/thumb_w/300/2020/2/5/bot916aet7gmoa6kdte0_uploadfile_1580896406902.jpeg
788692838181994496,https://web.lotuscdn.vn/thumb_w/600/2020/12/16/bvcmlq9aru3kqahfuh00_lotus.jpeg
788667662055219200,https://web.lotuscdn.vn/thumb_w/600/2020/12/16/bvcl6v9aru3kqahfue4g_lotus.jpeg
788359960380182528,https://13583876462202406.lotuscdn.vn/article_avatar/zoom-w600-h315/121169233194258432/2020/12/15/puka-1607925454666406738027smsg-16080041318151811871900.jpg?banner=play_icon.png&position=center&resize_banner=false
788695948990222336,https://web.lotuscdn.vn/thumb_w/600/2020/12/16/bvcmrmharu3kqahfuhpg_lotus.jpeg
788784644420763648,https://web.lotuscdn.vn/thumb_w/600/2020/12/16/bvcs0qparu3kqahfuthg_lotus.png
788788163486392320,https://web.lotuscdn.vn/thumb_w/600/2020/12/16/bvcs7f1aru3kqahfuud0_lotus.jpeg
788020342109732864,https://45480437443595459p.lotuscdn.vn/thumb_w/600/206241050777174016/2020/12/14/fbimg1607923861778-1607923872049243817011.jpg
788783201561845760,https://web.lotuscdn.vn/thumb_w/600/2020/12/16/bvcru6paru3kqahfut1g_lotus.jpeg
788734091056095232,https://45480520155557081p.lotuscdn.vn/thumb_w/600/206242176616718336/2020/12/16/fbimg1608093952870-160809405457783150931.jpg
788728603341361152,https://web.lotuscdn.vn/thumb_w/600/2020/12/16/bvcooh9aru3kqahfunfg_lotus.jpeg
788776250979360768,https://web.lotuscdn.vn/thumb_w/600/2020/12/16/bvcrha1aru3kqahfus0g_lotus.jpeg
788698670936326144,https://18057994640362549.lotuscdn.vn/thumb_w/600/121168999936430080/2020/12/16/base64-1608085559994795101601.png
788689309503459328,https://web.lotuscdn.vn/thumb_w/600/2020/12/16/bvcmfc9aru3kqahfugbg_lotus.jpeg
788763846473646080,https://web.lotuscdn.vn/thumb_w/600/2020/12/16/bvcqq71aru3kqahfuqag_lotus.jpeg
786039618615869440,https://21317108364549427.lotuscdn.vn/thumb_w/600/121196253471051776/2020/12/9/image-1607451639135287526897.png
788116669160099840,https://videothumbs.lotuscdn.vn/article_avatar/zoom-w600-h315/15244852287851064/121168954738610176/2020/10/27/4-ly-do-khien-ban-tap-nguc-mai-khong-len--giai-phap--why-your-chest-wont-grow-1603768110525136859160.jpg?banner=play_icon.png&position=center&resize_banner=false
788457637585584128,https://18057994640362549.lotuscdn.vn/thumb_w/600/121168999936430080/2020/12/15/13136957835577680176336932328063497147407743o-16080281371851092687026.jpg
788704069998059520,https://videothumbs.lotuscdn.vn/article_avatar/zoom-w600-h315/33172544736295781p/157010394286657536/2020/12/16/1796559915-1608086771163532659912_thumb5.jpg?banner=play_icon.png&position=center&resize_banner=false
788705307566768128,https://web.lotuscdn.vn/thumb_w/600/2020/12/16/bvcnd4paru3kqahfujk0_lotus.jpeg
788768745804402688,https://web.lotuscdn.vn/thumb_w/600/2020/12/16/bvcr39haru3kqahfuqkg_lotus.jpeg
788037348660322304,https://15243265753566013.lotuscdn.vn/thumb_w/600/121198606936969216/2020/12/14/4-facebook-22-16079279392011152114339.jpg
788701877305573376,https://33172587199428978p.lotuscdn.vn/thumb_w/300/157010566961958912/2020/2/28/base64-15828826791401199348323.png
788772141651959808,https://web.lotuscdn.vn/thumb_w/600/2020/12/16/bvcr9kharu3kqahfur60_lotus.jpeg
788779653872721920,https://web.lotuscdn.vn/thumb_w/600/2020/12/16/bvcrnkparu3kqahfusbg_lotus.jpeg
788774701309235200,https://web.lotuscdn.vn/thumb_w/600/2020/12/16/bvcred1aru3kqahfurng_lotus.jpeg
788775353758388224,https://16307734005773191.lotuscdn.vn/zoom/600_315/121198702499991552/2020/12/16/nam-phi-161220-16081038405141217639257-16081038977851769408701.jpg
788331415431942144,https://web.lotuscdn.vn/thumb_w/600/2020/12/15/bvc1koparu3kqahftjg0_lotus.jpeg
787584176403218432,https://web.lotuscdn.vn/thumb_w/600/2020/12/13/bvam4bparu3kqahfs5r0_lotus.jpeg
787732521020514304,https://app.lotuscdn.vn/thumb_w/300/2020/5/28/br7t6e1aru3ivvtcftm0_image1590678324825.2568.jpeg
788449128911437824,https://web.lotuscdn.vn/thumb_w/600/2020/12/15/bvc8fu1aru3kqahfu4j0_lotus.jpeg
786967605196587008,https://16609228292460400.lotuscdn.vn/thumb_w/600/121196910382944256/2020/12/11/11837489836529555047334215103855020470378968o-1607672857129117500921.jpg
788666472932286464,https://web.lotuscdn.vn/thumb_w/600/2020/12/16/bvcl4r9aru3kqahfue10_lotus.jpeg
788450501500051456,https://web.lotuscdn.vn/thumb_w/600/2020/12/15/bvc8ifharu3kqahfu4m0_lotus.jpeg
788495533122224128,https://18589598613360174.lotuscdn.vn/zoom/600_315/121195790189203456/2020/12/15/base64-16080368060331981094987.png
787971613285646336,https://kingnetwork.lotuscdn.vn/thumb_w/600/101685784788078592/2020/12/14/xa-hoa-16079122746001284125306.jpg
788119732013473792,https://18685106323583039.lotuscdn.vn/thumb_w/600/121196184810295296/2020/12/2/facebook-19-1606898120880664041536.jpg
788440864383533056,https://15972331177455491.lotuscdn.vn/thumb_w/600/121169350144036864/2020/12/15/5-16080241176571215881162.jpg
788545237414027264,https://web.lotuscdn.vn/thumb_w/600/2020/12/15/bvce2r1aru3kqahfubsg_lotus.jpeg
788388116638076928,https://web.lotuscdn.vn/thumb_w/600/2020/12/15/bvc4u7haru3kqahftsrg_lotus.jpeg
788380319601098752,https://45480520155557081p.lotuscdn.vn/thumb_w/600/206242176616718336/2020/12/15/fbimg1608009698138-16080097089871567452676.jpg
788663440907673600,https://web.lotuscdn.vn/thumb_w/600/2020/12/16/bvckurharu3kqahfudp0_lotus.png
788362762349412352,https://kingnetwork.lotuscdn.vn/thumb_w/600/101685784788078592/2020/12/15/dkdkdkd-1608005474711726040144.jpg
784372521265401856,https://20384844019115718.lotuscdn.vn/thumb_w/600/121168948837224448/2020/12/4/image-1607054170139559709835.png
788672850878902272,https://app.lotuscdn.vn/thumb_w/300/2020/10/12/bu1rshj2a2a9qh909umg_uploadfile_1602469445211.jpeg
726552014747045888,https://app.lotuscdn.vn/thumb_w/600/2020/6/27/brrljdqet7gggj9av080_uploadfile_1593268662017.jpg
788435922490982400,https://kingnetwork.lotuscdn.vn/thumb_w/600/101685784788078592/2020/12/15/1886-16080229652001185530084.png
788656548667957248,https://web.lotuscdn.vn/thumb_w/600/2020/12/16/bvckiaharu3kqahfudcg_lotus.jpeg
788625539063832576,https://web.lotuscdn.vn/thumb_w/600/2020/12/16/bvcimd1aru3kqahfucvg_lotus.jpeg
786712606516412416,https://videothumbs.lotuscdn.vn/article_avatar/zoom-w600-h315/10538870372954177/121197877501366272/2020/12/10/678766186-16076120225131385795553.jpg?banner=play_icon.png&position=center&resize_banner=false
788156962595110912,https://web.lotuscdn.vn/thumb_w/600/2020/12/14/bvbnfjparu3kqahftcc0_lotus.gif
788438347526938624,https://web.lotuscdn.vn/thumb_w/600/2020/12/15/bvc7ru1aru3kqahfu2sg_lotus.jpeg
788735145886846976,https://videothumbs.lotuscdn.vn/article_avatar/zoom-w600-h315/app/2020/12/16/video1608094302980.073.jpg?banner=play_icon.png&position=center&resize_banner=false
786045192684937216,https://21317279972347289.lotuscdn.vn/thumb_w/600/121196149796245504/2020/12/9/image-1607452970219218933174.png
788730081548308480,https://web.lotuscdn.vn/thumb_w/600/2020/12/16/bvcor99aru3kqahfunp0_lotus.jpeg
788379311603425280,https://web.lotuscdn.vn/thumb_w/600/2020/12/15/bvc4dsparu3kqahftrpg_lotus.jpeg
788723916123381760,https://web.lotuscdn.vn/thumb_w/600/2020/12/16/bvcofr9aru3kqahfun4g_lotus.jpeg
788508158570663936,https://10419320968586108.lotuscdn.vn/thumb_w/600/121169237346619392/2020/12/15/10-16080401595731905240928.png
788430610388189184,https://15245680692251107.lotuscdn.vn/thumb_w/600/121196902086610944/2020/12/15/13144923138569857543353168672076380780480553o-1608021695609670345507.jpg
788567415813013504,https://videothumbs.lotuscdn.vn/article_avatar/zoom-w600-h315/kingnetwork/101685784788078592/2020/12/16/10168578478807859220201212trai-dat-gio-day-16077459611821266660930-16080533570931517183034.jpg?banner=play_icon.png&position=center&resize_banner=false
788710588661071872,https://48941407021467543p.lotuscdn.vn/thumb_w/600/220086289263382528/2020/12/16/1312314813835409229265078927913989327240843n-16080884498711342179251.jpg
788739020467961856,https://web.lotuscdn.vn/thumb_w/600/2020/12/16/bvcpbuparu3kqahfuor0_lotus.jpeg
788639317034237952,https://web.lotuscdn.vn/thumb_w/600/2020/12/16/bvcji81aru3kqahfud10_lotus.jpeg
786056981296422912,https://21317296920481120.lotuscdn.vn/thumb_w/600/121198625333186560/2020/12/9/image-1607455781156953025906.png
788723740555575296,https://videothumbs.lotuscdn.vn/article_avatar/zoom-w600-h315/20686198595123082/121197628292599808/2020/12/16/bixebantaidam-1608091572900117876823.jpg?banner=play_icon.png&position=center&resize_banner=false
788539672172404736,https://56804393454808708p.lotuscdn.vn/thumb_w/600/251538151016095744/2020/12/15/image-16080476946982008850618.png
788516199366004736,https://web.lotuscdn.vn/thumb_w/600/2020/12/15/bvcccp9aru3kqahfual0_lotus.jpeg
788508634972921856,https://web.lotuscdn.vn/thumb_w/600/2020/12/15/bvcburharu3kqahfua10_lotus.jpeg
788696955036606464,https://web.lotuscdn.vn/thumb_w/600/2020/12/16/bvcmt8haru3kqahfuhtg_lotus.png
788703251840344064,https://web.lotuscdn.vn/thumb_w/600/2020/12/16/bvcn9c9aru3kqahfuj10_lotus.jpeg
788116446945873920,https://web.lotuscdn.vn/thumb_w/600/2020/12/14/bvbl4aparu3kqahft7sg_lotus.jpeg
788414479965855744,https://web.lotuscdn.vn/thumb_w/600/2020/12/15/bvc6fe9aru3kqahftvtg_lotus.png
788445844869877760,https://19676048176399218.lotuscdn.vn/zoom/600_315/121196963046625280/2020/12/15/tran-hoang-phongdvaythumb-16080253186321707303991-1608025335710333059924.jpg
788359665991000064,https://web.lotuscdn.vn/thumb_w/600/2020/12/15/bvc39bparu3kqahftod0_lotus.jpeg
788439118928117760,https://18390736644974701.lotuscdn.vn/thumb_w/600/121196105416314880/2020/12/15/13111876536525409614775686536457629127173797o-1608023727553867029543.jpg
788498946658537472,https://10419320968586108.lotuscdn.vn/thumb_w/600/121169237346619392/2020/12/15/2-1608037981265706881085.png
788691302063771648,https://web.lotuscdn.vn/thumb_w/600/2020/12/16/bvcmj2paru3kqahfuglg_lotus.jpeg
788065843431477248,https://16518221032447217.lotuscdn.vn/thumb_w/600/121197275379666944/2020/12/14/130775691395047341917190648605464312721449n-1607934727174832676657.jpg
788685872913059840,https://web.lotuscdn.vn/thumb_w/600/2020/12/16/bvcm8uparu3kqahfufrg_lotus.jpeg
788704063207481344,https://kingnetwork.lotuscdn.vn/article_avatar/zoom-w600-h315/101685784788078592/2020/12/16/thum-1608086891171688641626.jpg?banner=play_icon.png&position=center&resize_banner=false
788719390951710720,https://kingnetwork.lotuscdn.vn/thumb_w/600/101685784788078592/2020/12/16/13150359838190841614678578391296267520554660o-16080905503121173810008.jpg
788459481372262400,https://34626315308886243p.lotuscdn.vn/thumb_w/600/162825378014957568/2020/12/15/untitled-2-16080285118131764119369.png
788315533855035392,https://web.lotuscdn.vn/thumb_w/600/2020/12/15/bvc0n51aru3kqahfthp0_lotus.jpeg
788738216424079360,https://web.lotuscdn.vn/thumb_w/600/2020/12/16/bvcpae1aru3kqahfuong_lotus.jpeg
787800543700062208,https://18685160558830385.lotuscdn.vn/zoom/600_315/121198750600269824/2020/12/13/base64-1607871413997357634409.png
788075952805216256,https://web.lotuscdn.vn/thumb_w/600/2020/12/14/bvbiosparu3kqahft33g_lotus.jpeg
788409999641247744,https://15242446869693149.lotuscdn.vn/thumb_w/600/121196127331553280/2020/12/15/image-1608016782434355439393.png
788494526378647552,https://web.lotuscdn.vn/thumb_w/600/2020/12/15/bvcb4g9aru3kqahfu8p0_lotus.jpeg
788424469845250048,https://videothumbs.lotuscdn.vn/article_avatar/zoom-w600-h315/19321514312747977/121169205218250752/2020/12/15/hari-won-tran-thanh-vua-nau-an-vua-tau-hai-cuc-tinh-cam-16080202439531549728654.jpg?banner=play_icon.png&position=center&resize_banner=false
788738292636585984,https://web.lotuscdn.vn/thumb_w/600/2020/12/16/bvcpaiparu3kqahfuoo0_lotus.jpeg
788712282902470656,https://web.lotuscdn.vn/thumb_w/600/2020/12/16/bvcnq4paru3kqahfukog_lotus.jpeg
788314822577201152,https://web.lotuscdn.vn/thumb_w/600/2020/12/15/bvc0lrparu3kqahfthl0_lotus.jpeg
788186118959628288,https://41243725803971168p.lotuscdn.vn/thumb_w/600/189294539905323008/2020/12/15/base64-1608007576171497213038.png
788798863134298112,https://web.lotuscdn.vn/thumb_w/600/2020/12/16/bvcsrbharu3kqahfv030_lotus.jpeg
788721213673967616,https://10541184629469490.lotuscdn.vn/article_avatar/zoom-w600-h315/121196967572279296/2020/12/16/13107274748873398613078808805509311005464137o-16080908783402088124951.jpg?banner=play_icon.png&position=center&resize_banner=false
788794525875834880,https://web.lotuscdn.vn/thumb_w/600/2020/12/16/bvcsj7haru3kqahfuvfg_lotus.jpeg
788438985140211712,https://videothumbs.lotuscdn.vn/article_avatar/zoom-w600-h315/18390736644974701/121196105416314880/2020/7/27/khi-them-bun-ngan-thi-an-o-day-nhe-cac-ban-oi-1595841591391820239837.jpg?banner=play_icon.png&position=center&resize_banner=false
788762198191865856,https://web.lotuscdn.vn/thumb_w/600/2020/12/16/bvcqn29aru3kqahfuq90_lotus.jpeg
788733783843672064,https://web.lotuscdn.vn/thumb_w/600/2020/12/16/bvcp23haru3kqahfuo80_lotus.jpeg
788738602104918016,https://web.lotuscdn.vn/thumb_w/600/2020/12/16/bvcpa81aru3kqahfuon0_lotus.jpeg
788768130773262336,https://30722518306063636p.lotuscdn.vn/thumb_w/600/147210403519139840/2020/12/16/bienthemoi-1608102134042833569841.jpg
771080486097752064,https://app.lotuscdn.vn/thumb_w/600/2020/10/28/buclkiparu3j024rvmt0_image1603885639807.379.jpeg
788124380103417856,https://web.lotuscdn.vn/thumb_w/600/2020/12/14/bvblj1haru3kqahft89g_lotus.jpeg
788797116484132864,https://34626315308886243p.lotuscdn.vn/thumb_w/600/162825378014957568/2020/12/16/image-16081090371131419007545.png
767419626909306880,https://app.lotuscdn.vn/thumb_w/600/2020/10/18/bu60deb2a2a9qechrvb0_image1603012280370.1528.jpeg
788785908397875200,https://web.lotuscdn.vn/thumb_w/600/2020/12/16/bvcs391aru3kqahfuttg_lotus.jpeg
788386410819334144,https://web.lotuscdn.vn/thumb_w/600/2020/12/15/bvc4r71aru3kqahftscg_lotus.jpeg
788764420882014208,https://kingnetwork.lotuscdn.vn/article_avatar/zoom-w600-h315/101685784788078592/2020/12/16/thum-160810128638686305792.jpg?banner=play_icon.png&position=center&resize_banner=false
788796442639835136,https://kingnetwork.lotuscdn.vn/thumb_w/600/101685784788078592/2020/12/16/mpt-caf1e-16081089167631957158987.jpg
788785695263690752,https://web.lotuscdn.vn/thumb_w/600/2020/12/16/bvcs2tharu3kqahfutr0_lotus.jpeg
788759816832262144,https://web.lotuscdn.vn/thumb_w/600/2020/12/16/bvcqil1aru3kqahfuq2g_lotus.jpeg
788702384751878144,https://33172587199428978p.lotuscdn.vn/thumb_w/300/157010566961958912/2020/2/28/base64-15828826791401199348323.png
787953018755223552,https://videothumbs.lotuscdn.vn/article_avatar/zoom-w600-h315/10541184629469490/121196967572279296/2020/12/14/100000007529687554270398182571538900888662n-16079077838351786921906.jpg?banner=play_icon.png&position=center&resize_banner=false
788674077284503552,https://web.lotuscdn.vn/thumb_w/600/2020/12/16/bvcliu9aru3kqahfuef0_lotus.jpeg
781128106102984704,https://app.lotuscdn.vn/thumb_w/600/2020/11/25/buuubj2et7gln6ur7mcg_image1606280651889.732.jpeg
788123616744284160,https://web.lotuscdn.vn/thumb_w/600/2020/12/14/bvblhjparu3kqahft860_lotus.jpeg
787473748950491136,https://videothumbs.lotuscdn.vn/article_avatar/zoom-w600-h315/15243241877490101/121198152106643456/2020/9/1/lon-tuoi-co-hoc-duoc-guitar-va-mot-chut-dinh-huong-1-159897425596079364240.jpg?banner=play_icon.png&position=center&resize_banner=false
788073541092999168,https://videothumbs.lotuscdn.vn/article_avatar/zoom-w600-h315/33892567818818454p/159890444937859072/2020/9/2/boi-gio-co-ban-moi-nen-quen-mat-tieu-ba-roi-moi-nguoi-xem-1599040536359969843026.jpg?banner=play_icon.png&position=center&resize_banner=false
788720121076744192,https://web.lotuscdn.vn/thumb_w/600/2020/12/16/bvco8o9aru3kqahfumgg_lotus.jpeg
788774070836232192,https://kingcontent.lotuscdn.vn/thumb_w/300/2019/8/20/logo-danviet-ntnn2-15662948805241200950913.jpg
788768552309202944,https://web.lotuscdn.vn/thumb_w/600/2020/12/16/bvcr2v9aru3kqahfuqk0_lotus.jpeg
788440233261674496,https://app.lotuscdn.vn/thumb_w/600/2020/12/15/bvc7vfqet7gln4jo89tg_image1608023999275.875.jpeg
759347471409971200,https://web.lotuscdn.vn/thumb_w/600/2020/9/26/btnahs1aru3m2l515qq0_lotus.jpeg
787952489094320128,https://icdn.dantri.com.vn/zoom/1200_630/2020/12/13/2-1607873630634.jpg
788540015825879040,https://48941618068074121p.lotuscdn.vn/thumb_w/600/220087131224530944/2020/12/15/image-1608047774839501151841.png
788722280178614272,https://web.lotuscdn.vn/thumb_w/600/2020/12/16/bvcoco1aru3kqahfumt0_lotus.png
788172870909140992,https://18685160558830385.lotuscdn.vn/thumb_w/600/121198750600269824/2020/12/14/tac-hai-cua-song-dien-tu-voi-con-nguoi11431658764-1607960217840467699656.jpg
788741763133739008,https://web.lotuscdn.vn/thumb_w/600/2020/12/16/bvcph1paru3kqahfup30_lotus.jpeg
788701973732622336,https://33172587199428978p.lotuscdn.vn/thumb_w/300/157010566961958912/2020/2/28/base64-15828826791401199348323.png
786051101275852800,https://21317313952501585.lotuscdn.vn/thumb_w/600/121196138731671552/2020/12/9/image-1607454379658549622969.png
788739240196968448,https://web.lotuscdn.vn/thumb_w/600/2020/12/16/bvcpcc1aru3kqahfuosg_lotus.jpeg
788299705820610560,https://web.lotuscdn.vn/thumb_w/600/2020/12/15/bvbvpk9aru3kqahfth2g_lotus.jpeg
788440597118287872,https://kingnetwork.lotuscdn.vn/thumb_w/600/101685784788078592/2020/12/15/1887-16080240805831245146301.png
788694429807116288,https://web.lotuscdn.vn/thumb_w/600/2020/12/16/bvcmosharu3kqahfuhb0_lotus.jpeg
788466598516756480,https://web.lotuscdn.vn/thumb_w/600/2020/12/15/bvc9ghparu3kqahfu6lg_lotus.jpeg
788707316514394112,https://app.lotuscdn.vn/thumb_w/300/2020/1/15/bofb8fqet7gmomnp55ng_image1579070522763.954.jpeg
787339475026579456,https://videothumbs.lotuscdn.vn/article_avatar/zoom-w600-h315/16515081049595060/121196525299699712/2020/8/23/bi-quyet-khi-luu-tru-hinh-anh-cua-photographer-meo-khong-phai-ai-cung-chia-se-mvcthinh-15981474028001644119389.jpg?banner=play_icon.png&position=center&resize_banner=false
788673910357590016,https://videothumbs.lotuscdn.vn/article_avatar/zoom-w600-h315/19864280817946634/121196199368724480/2020/12/15/n1bx9o6tUcE-1608041922036581904189.jpg?banner=play_icon.png&position=center&resize_banner=false
788688168506597376,https://web.lotuscdn.vn/thumb_w/600/2020/12/16/bvcmd69aru3kqahfug4g_lotus.jpeg
788688081377693696,https://web.lotuscdn.vn/thumb_w/600/2020/12/16/bvcmd01aru3kqahfug40_lotus.jpeg
788695160968581120,https://web.lotuscdn.vn/thumb_w/600/2020/12/16/bvcmq69aru3kqahfuhig_lotus.jpeg
788704515099164672,https://web.lotuscdn.vn/thumb_w/600/2020/12/16/bvcnau1aru3kqahfujd0_lotus.jpeg
788734461595058176,https://web.lotuscdn.vn/thumb_w/600/2020/12/16/bvcp3e9aru3kqahfuodg_lotus.jpeg
788332039466876928,https://web.lotuscdn.vn/thumb_w/600/2020/12/15/bvc1lsharu3kqahftjhg_lotus.jpeg
787054452201988096,https://web.lotuscdn.vn/thumb_w/600/2020/12/11/bv9na6paru3kqahfrfug_lotus.jpeg
788052568182493184,https://web.lotuscdn.vn/thumb_w/600/2020/12/14/bvbhdciet7gm7ac7it1g_eo8imptuwauposo.jpg
788793292788834304,https://vtv1.mediacdn.vn/fb_thumb_bn/2020/12/16/phan-loai-rac-16080963434231887244290-crop-16080963734171016577599.jpg
788783894569918464,https://web.lotuscdn.vn/thumb_w/600/2020/12/16/bvcrviharu3kqahfut90_lotus.jpeg
788503100357480448,https://web.lotuscdn.vn/thumb_w/600/2020/12/15/bvcbkgparu3kqahfu9f0_lotus.jpeg
788721271784046592,https://web.lotuscdn.vn/thumb_w/600/2020/12/16/bvcoasharu3kqahfumo0_lotus.jpeg
788784111209914368,https://web.lotuscdn.vn/thumb_w/600/2020/12/16/bvcrvuparu3kqahfutbg_lotus.jpeg
788665897947107328,https://web.lotuscdn.vn/thumb_w/600/2020/12/16/bvcl3mparu3kqahfudug_lotus.jpeg
788373612334383104,https://web.lotuscdn.vn/thumb_w/600/2020/12/15/bvc43aharu3kqahftr6g_lotus.jpeg
788690370997915648,https://videothumbs.lotuscdn.vn/article_avatar/zoom-w600-h315/18685156948041947/121197698182287360/2020/12/16/tstk17376dulichlysonmotnamgapnhieukhokhanhd-1608083582919227389347.jpg?banner=play_icon.png&position=center&resize_banner=false
788669053935001600,https://web.lotuscdn.vn/thumb_w/600/2020/12/16/bvcl0s1aru3kqahfudr0_lotus.png
788726449274847232,https://kingcontent.lotuscdn.vn/thumb_w/300/2019/6/14/4697838123758977957664002882875627822645248o-15604856931091630544749.jpg
788681758565703680,https://web.lotuscdn.vn/thumb_w/600/2020/12/16/bvcm1a1aru3kqahfuf60_lotus.jpeg
788084757494370304,https://web.lotuscdn.vn/thumb_w/600/2020/12/14/bvbj9a1aru3kqahft41g_lotus.jpeg
788738335867904000,https://45480437443595459p.lotuscdn.vn/thumb_w/600/206241050777174016/2020/12/16/fbimg1608095040156-16080950669101710251748.jpg
788804981189382144,https://web.lotuscdn.vn/thumb_w/600/2020/12/16/bvct6n1aru3kqahfv1ag_lotus.jpeg
788680545532608512,https://web.lotuscdn.vn/thumb_w/600/2020/12/16/bvclv19aru3kqahfuf00_lotus.jpeg
788693245539622912,https://web.lotuscdn.vn/thumb_w/600/2020/12/16/bvcmmkparu3kqahfuh40_lotus.jpeg
786051196190949376,https://21317313952501585.lotuscdn.vn/thumb_w/600/121196138731671552/2020/12/9/image-16074543971681743781091.png
788269902131859456,https://challenge.lotuscdn.vn/thumb_w/600/challenge/challenge/images/image-1596006903230.jpeg
788060348424101888,https://15245415237353489.lotuscdn.vn/thumb_w/600/121198173770223616/2020/12/14/13081322834551981145273264055644312218012397n-1607933416277710366979.jpg
788370544530792448,https://web.lotuscdn.vn/thumb_w/600/2020/12/15/bvc3tk1aru3kqahftqeg_lotus.jpeg
787714747249434624,https://31803426829314028p.lotuscdn.vn/thumb_w/600/151533997061574656/2020/12/13/base64-1607850750872434167752.png
788727209742540800,https://videothumbs.lotuscdn.vn/article_avatar/zoom-w600-h315/49642084213075210p/222888998411780096/2020/12/16/phai-tap-quen-khi-nh-1608092411799194117462.jpg?banner=play_icon.png&position=center&resize_banner=false
788689447656071168,https://web.lotuscdn.vn/thumb_w/600/2020/12/16/bvcmfiparu3kqahfugcg_lotus.jpeg
788460996935520256,https://videothumbs.lotuscdn.vn/thumb_w/600/app/2020/12/15/filename1608028935770.jpg
788773834993147904,https://11441602229315857.lotuscdn.vn/thumb_w/600/121197880303161344/2020/12/16/photo1608048205273-1608048205414-16081035310111631970852.jpg
788768508977221632,https://web.lotuscdn.vn/thumb_w/600/2020/12/16/bvcr2qharu3kqahfuqjg_lotus.jpeg
787866914437861376,https://49760868050545746p.lotuscdn.vn/thumb_w/600/223364133824577536/2020/12/14/797386191054166861607535980130602307026944n-160788727733164617408.jpg
788414159201636352,https://web.lotuscdn.vn/thumb_w/600/2020/12/15/bvc6en9aru3kqahftvr0_lotus.png
788658700227842048,https://web.lotuscdn.vn/thumb_w/600/2020/12/16/bvckmaparu3kqahfudhg_lotus.jpeg
788114889169412096,https://videothumbs.lotuscdn.vn/article_avatar/zoom-w600-h315/kingnetwork/101685784788078592/2020/12/14/hoa-hau-bi-da-1607946357025270232491.jpg?banner=play_icon.png&position=center&resize_banner=false
788479137145921536,https://19676048176399218.lotuscdn.vn/article_avatar/zoom-w600-h315/121196963046625280/2020/12/15/1a-16080332994141266228122.jpg?banner=play_icon.png&position=center&resize_banner=false
788120444223070208,https://web.lotuscdn.vn/thumb_w/600/2020/12/14/bvblbnparu3kqahft820_lotus.gif
788348200592580608,https://web.lotuscdn.vn/thumb_w/600/2020/12/15/bvc2jtharu3kqahftmd0_lotus.jpeg
788666252204408832,https://web.lotuscdn.vn/thumb_w/600/2020/12/16/bvcl4dharu3kqahfudvg_lotus.jpeg
788118454801141760,https://18577601013337969.lotuscdn.vn/thumb_w/600/121195786242363392/2020/10/22/facebook-8-16033659048431210713017.jpg
788479190149341184,https://web.lotuscdn.vn/thumb_w/600/2020/12/15/bvca7vparu3kqahfu750_lotus.jpeg
788302285889998848,https://16307734005773191.lotuscdn.vn/zoom/600_315/121198702499991552/2020/12/15/ret-1607991098306379610568-16079911077441861043179.jpg
788107411993624576,https://24214354992600478.lotuscdn.vn/thumb_w/600/121205133710200832/2020/12/14/13026491346505317116875815599856909472753488n-1607944643888569375005.jpg
788442449700421632,https://web.lotuscdn.vn/thumb_w/600/2020/12/15/bvc83j1aru3kqahfu3l0_lotus.jpeg
788450374846218240,https://10541005364140995.lotuscdn.vn/thumb_w/600/121196960295161856/2020/12/15/adidas-tinh-ban-reebok-16080263318091774292630.png
787776526656176128,https://videothumbs.lotuscdn.vn/article_avatar/zoom-w600-h315/10541184629469490/121196967572279296/2020/12/13/10168578478807859220201213nsct-16078445797538047195721080p-16078656813141929298802.jpg?banner=play_icon.png&position=center&resize_banner=false
787755147198169088,https://videothumbs.lotuscdn.vn/article_avatar/zoom-w600-h315/18589183347904501/121197771217702912/2020/12/13/130582890394175315230194699975187382098271n-16078606570031682997523.jpg?banner=play_icon.png&position=center&resize_banner=false
788725094697013248,https://web.lotuscdn.vn/thumb_w/600/2020/12/16/bvcohr9aru3kqahfunag_lotus.jpeg
788535848533196800,https://30722518306063636p.lotuscdn.vn/thumb_w/600/147210403519139840/2020/12/15/artboard-1-16080467308651699580563.png
788739300668440576,https://web.lotuscdn.vn/thumb_w/600/2020/12/16/bvcpceparu3kqahfuot0_lotus.jpeg
788523153429762048,https://web.lotuscdn.vn/thumb_w/600/2020/12/15/bvccpqparu3kqahfub2g_lotus.jpeg
787972351531917312,https://web.lotuscdn.vn/thumb_w/600/2020/12/14/bvbcnqharu3kqahfsnc0_lotus.jpeg
787012902135762944,https://app.lotuscdn.vn/thumb_w/600/2020/12/11/bv9ksr9aru3k2ralhat0_image1607683692572.521.jpeg
788440003920375808,https://app.lotuscdn.vn/thumb_w/600/2020/12/15/bvc7v22et7gln6ur8gl0_image1608023944593.3818.jpeg
788490769072357376,https://web.lotuscdn.vn/thumb_w/600/2020/12/15/bvcatgharu3kqahfu8a0_lotus.jpeg
736668160171315200,https://videothumbs.lotuscdn.vn/article_avatar/zoom-w600-h315/15244631394831012/121196517972250624/2020/7/25/y2matecom-chao-mi-ga-xao-pho-mai-sieu-to-khong-lo---little-quanjdcyvsvhfuu240p-1595680559428555254435.jpg?banner=play_icon.png&position=center&resize_banner=false
788707687265865728,https://web.lotuscdn.vn/thumb_w/600/2020/12/16/bvcnhcharu3kqahfujv0_lotus.jpeg
786056823192133632,https://21317296920481120.lotuscdn.vn/thumb_w/600/121198625333186560/2020/12/9/image-16074557394141390269749.png
788020554758754304,https://videothumbs.lotuscdn.vn/article_avatar/zoom-w600-h315/15242273716783535/121196072788824064/2020/9/8/1092-10-su-that-kinh-hoang-ve-ms-hoa--anh-ngu-ms-hoa-15995496170941498972905.jpg?banner=play_icon.png&position=center&resize_banner=false
788480180893650944,https://web.lotuscdn.vn/thumb_w/600/2020/12/15/bvca9r1aru3kqahfu77g_lotus.jpeg
788454853371342848,https://app.lotuscdn.vn/thumb_w/300/2020/1/15/bofb8fqet7gmomnp55ng_image1579070522763.954.jpeg
788591347234877440,https://app.lotuscdn.vn/thumb_w/300/2020/10/12/bu1rshj2a2a9qh909umg_uploadfile_1602469445211.jpeg
788673557729869824,https://web.lotuscdn.vn/thumb_w/600/2020/12/16/bvclhh1aru3kqahfuebg_lotus.jpeg
788687838628155392,https://videothumbs.lotuscdn.vn/article_avatar/zoom-w600-h315/19317702292051263/121196849276129280/2020/12/16/bui-da-phu-trang-mot-vung-vi-no-min-khai-thac-clip-do-nguoi-dan-cung-cap-bao-dan-tri-16080830206521218589099.jpg?banner=play_icon.png&position=center&resize_banner=false
788683142740549632,https://web.lotuscdn.vn/thumb_w/600/2020/12/16/bvcm3q1aru3kqahfufb0_lotus.jpeg
788662600699875328,https://19676048176399218.lotuscdn.vn/zoom/600_315/121196963046625280/2020/12/16/kien-giang-mua-tien-gia-tren-facebookazrlthumb-16080770022191115350342-16080770135271169141575.jpg
788142219261874176,https://app.lotuscdn.vn/thumb_w/600/2020/12/14/bvbmkbiet7gln9aisah0_uploadfile_1607952943818.jpg
788529367597322240,https://web.lotuscdn.vn/thumb_w/600/2020/12/15/bvcd5bparu3kqahfubb0_lotus.jpeg
784391149167710208,https://48874272047924478p.lotuscdn.vn/thumb_w/600/219816144938024960/2020/12/4/image-16070586014691801516242.png
788426487767474176,https://videothumbs.lotuscdn.vn/article_avatar/zoom-w600-h315/19321514312747977/121169205218250752/2020/12/15/mai-phuong-thuy-trai-long-ve-moi-tinh-10-nam-toi-thich-dua-dam-ban-trai--160802073114552952043.jpg?banner=play_icon.png&position=center&resize_banner=false
788092059123322880,https://48873621565615721p.lotuscdn.vn/thumb_w/600/219813599239622656/2020/12/14/image-1607940972374693851045.png
788469906291691520,https://videothumbs.lotuscdn.vn/thumb_w/600/15972331177455491/121169350144036864/2020/12/15/khoi-nghiep-tu-dac-san-vung-mien-dan-viet-1608029439351528539.jpg
786039811893592064,https://21317108364549427.lotuscdn.vn/thumb_w/600/121196253471051776/2020/12/9/image-1607451684349867526970.png
788339513198514176,https://videothumbs.lotuscdn.vn/article_avatar/zoom-w600-h315/15242553439617686/121198617691164672/2020/10/23/club-dance-10-phut-cardio-tap-nhay-di-club-110-calories-beginner-workout-172-16034171756351567072748.jpg?banner=play_icon.png&position=center&resize_banner=false
788375086741291008,https://15242672861432153.lotuscdn.vn/thumb_w/600/121196107513466880/2020/12/15/2-facebook-16080084206871982252909.jpg
788419740276756480,https://20953088955578396.lotuscdn.vn/thumb_w/600/121168940868046848/2020/12/15/1284573011684166783434564448443147110635142n-16080191101191803070284.jpg
788070863359680512,https://web.lotuscdn.vn/thumb_w/600/2020/12/14/bvbife1aru3kqahft2kg_lotus.jpeg
788118374166274048,https://18577601013337969.lotuscdn.vn/thumb_w/600/121195786242363392/2020/10/22/facebook-9-16033659106071176575433.jpg
788179109831483392,https://web.lotuscdn.vn/thumb_w/600/2020/12/14/bvbootparu3kqahfte10_lotus.jpeg
788755702274564096,https://web.lotuscdn.vn/thumb_w/600/2020/12/16/bvcqb19aru3kqahfuptg_lotus.jpeg
788740910760562688,https://web.lotuscdn.vn/thumb_w/600/2020/12/16/bvcpfgharu3kqahfup00_lotus.jpeg
788463418543935488,https://app.lotuscdn.vn/thumb_w/600/2020/12/15/bvc9ag32a2a23l77s7tg_image1608029503510.268.jpeg
788751740216938496,https://web.lotuscdn.vn/thumb_w/600/2020/12/16/bvcq3l1aru3kqahfupng_lotus.jpeg
788767588975607808,https://videothumbs.lotuscdn.vn/article_avatar/zoom-w600-h315/33892567818818454p/159890444937859072/2020/12/16/100000002022866480570703297748318987194540n-1608101976836844767039.jpg?banner=play_icon.png&position=center&resize_banner=false
788547687667077120,https://web.lotuscdn.vn/thumb_w/600/2020/12/15/bvce791aru3kqahfuc3g_lotus.jpeg
788704782975213568,https://web.lotuscdn.vn/thumb_w/600/2020/12/16/bvcnc69aru3kqahfujig_lotus.jpeg
788143953218863104,https://web.lotuscdn.vn/thumb_w/600/2020/12/14/bvbmnf1aru3kqahftb7g_lotus.jpeg
788746926481973248,https://43130003587810148p.lotuscdn.vn/thumb_w/600/197903890567217152/2020/12/16/facebook-27-1608097110494376129545.jpg
788723728278847488,https://videothumbs.lotuscdn.vn/article_avatar/zoom-w600-h315/49642061205505751p/222888906795597824/2020/12/16/co-nhung-ngay-ban-th-16080915839261874579472.jpg?banner=play_icon.png&position=center&resize_banner=false
788720377896607744,https://videothumbs.lotuscdn.vn/article_avatar/zoom-w600-h315/49642061205505751p/222888906795597824/2020/12/16/that-long-ngo-ben-nh-16080907844571880616467.jpg?banner=play_icon.png&position=center&resize_banner=false
761594414202847232,https://videothumbs.lotuscdn.vn/article_avatar/zoom-w600-h315/36628708861012297p/170834781078704128/2020/10/2/1601623286665-SuaChuoiTranhTaiBaoNguGiaKhiemHuaMinhDatLamVyDa1.jpg?banner=play_icon.png&position=center&resize_banner=false
788796019392618496,https://web.lotuscdn.vn/thumb_w/600/2020/12/16/bvcsm49aru3kqahfuvmg_lotus.jpeg
788792092181897216,https://18798994875867289.lotuscdn.vn/thumb_w/600/121196622188122112/2020/12/16/12305017329588615177694166707857235933222093o-16081078864701942110789.jpg
788119638878953472,https://18694642629730907.lotuscdn.vn/thumb_w/600/121197681396682752/2020/11/18/7-facebook-4-16057138203941924391381.jpg
788007920630108160,https://18589183347904501.lotuscdn.vn/thumb_w/600/121197771217702912/2020/12/14/130536820101574387616826331758375792123441788o-16079209260171288866532.jpg
788728778483539968,https://videothumbs.lotuscdn.vn/article_avatar/zoom-w600-h315/15244943609383660/121197649566109696/2020/12/16/ielts-vocabulary-topic-cultural-diversity-ielts-fighter-16080924529211998704111.jpg?banner=play_icon.png&position=center&resize_banner=false
788698972907245568,https://videothumbs.lotuscdn.vn/article_avatar/zoom-w600-h315/10541005364140995/121196960295161856/2020/12/16/ban-tin-hang-hoa-1612-1608085668680835710571.jpg?banner=play_icon.png&position=center&resize_banner=false
787660717669732352,https://app.lotuscdn.vn/thumb_w/600/2020/12/13/bvaqjh2et7gln210iorg_uploadfile_1607838147555.jpg
788725246669856768,https://49642084213075210p.lotuscdn.vn/thumb_w/600/222888998411780096/2020/12/16/13060254916951375208738685768104255202793845n-16080919480141814740908.png
787364420773445632,https://15244695961404136.lotuscdn.vn/thumb_w/600/121168972551819264/2020/12/12/127922304213824170344205647537375344996796n-1607767500232699931951.jpg
786051034861240320,https://21317313952501585.lotuscdn.vn/thumb_w/600/121196138731671552/2020/12/9/image-1607454362992475767628.png
785887648747847680,https://web.lotuscdn.vn/thumb_w/600/2020/12/8/bv7jcsparu3kqahfoqfg_lotus.png
788124497650352128,https://web.lotuscdn.vn/thumb_w/600/2020/12/14/bvblj81aru3kqahft8a0_lotus.jpeg
788490159071563776,https://18057994640362549.lotuscdn.vn/thumb_w/600/121168999936430080/2020/12/15/cf7a8144-8427-4d03-99ab-e133e7d759cd-16080358774081466458922.jpeg
784387337115799552,https://48873995091455425p.lotuscdn.vn/thumb_w/600/219815036249260032/2020/12/4/image-16070577041351950378568.png
788555524386553856,https://web.lotuscdn.vn/thumb_w/600/2020/12/15/bvcem51aru3kqahfucgg_lotus.jpeg
788732805052502016,https://web.lotuscdn.vn/thumb_w/600/2020/12/16/bvcp0charu3kqahfuo20_lotus.jpeg
787770203430326272,https://10540214620123705.lotuscdn.vn/zoom/600_315/121198682845483008/2020/12/13/13051873733185900316033222532462023757825590o-16078629972751290247821-194-0-1047-1364-crop-16078630059811612567324-16078642481831792809946.jpg
759310902733012992,https://web.lotuscdn.vn/thumb_w/600/2020/9/26/btn8dlharu3m2l515ms0_lotus.png
788494333056352256,https://web.lotuscdn.vn/thumb_w/600/2020/12/15/bvcb449aru3kqahfu8ng_lotus.jpeg
753163837636313088,https://image.thanhnien.vn/1080/uploaded/minhnguyet/2020_09_08/nha-mang_ddnm.jpg
787092775901569024,https://web.lotuscdn.vn/thumb_w/600/2020/12/11/bv9phjparu3kqahfrhf0_lotus.jpeg
787423761241178112,https://web.lotuscdn.vn/thumb_w/600/2020/12/12/bvacq19aru3kqahfs280_lotus.jpeg
788674427018780672,https://19864280817946634.lotuscdn.vn/zoom/600_315/121196199368724480/2020/12/16/quang-nam-thanh-lap-ban-chi-dao-cong-tac-to-chuc-dai-hoi-dai-bieu-ghpgvn-cap-huyen-nhiem-ky-2021-2026-331088-16080797506791014619603-1608079832527898412946.jpg
788734480437874688,https://web.lotuscdn.vn/thumb_w/600/2020/12/16/bvcp3charu3kqahfuod0_lotus.jpeg
786067814690291712,https://19758289346081846.lotuscdn.vn/thumb_w/600/121197631035674624/2020/12/9/image-1607458363339756321994.png
788298650926424064,https://web.lotuscdn.vn/thumb_w/600/2020/12/15/bvbvnj9aru3kqahftgv0_lotus.jpeg
788694656035291136,https://web.lotuscdn.vn/thumb_w/600/2020/12/16/bvcmp8paru3kqahfuhdg_lotus.jpeg
788751162499891200,https://10541005364140995.lotuscdn.vn/article_avatar/zoom-w600-h315/121196960295161856/2020/12/16/4-160809811550780946757.jpg?banner=play_icon.png&position=center&resize_banner=false
788106679955988480,https://15881638861676491.lotuscdn.vn/thumb_w/600/121169014759100416/2020/12/14/13091010136955674571708122355501264715039172n-1607944466103413031500.png
788730030281330688,https://web.lotuscdn.vn/thumb_w/600/2020/12/16/bvcor61aru3kqahfunog_lotus.jpeg
788391394880917504,https://10541184629469490.lotuscdn.vn/thumb_w/600/121196967572279296/2020/12/15/a-18-1608010083688920886083-16080122813361185696903.jpg
788698499790381056,https://web.lotuscdn.vn/thumb_w/600/2020/12/16/bvcn0eparu3kqahfuibg_lotus.jpeg
788296064732725248,https://web.lotuscdn.vn/thumb_w/600/2020/12/15/bvbviq9aru3kqahftgkg_lotus.jpeg
